,name,smogon_format,is_final_evo,abilities
0,bulbasaur,LC,0,"['Chlorophyll', 'Overgrow']"
1,ivysaur,,0,"['Chlorophyll', 'Overgrow']"
2,venusaur,RU,1,"['Chlorophyll', 'Overgrow']"
3,charmander,LC,0,"['Blaze', 'Solar Power']"
4,charmeleon,,0,"['Blaze', 'Solar Power']"
5,charizard,PUBL,1,"['Blaze', 'Solar Power']"
6,squirtle,LC,0,"['Rain Dish', 'Torrent']"
7,wartortle,,0,"['Rain Dish', 'Torrent']"
8,blastoise,NU,1,"['Rain Dish', 'Torrent']"
9,caterpie,LC,0,"['Run Away', 'Shield Dust']"
10,metapod,,0,['Shed Skin']
11,butterfree,Untiered,1,"['Compound Eyes', 'Tinted Lens']"
12,weedle,LC,0,"['Run Away', 'Shield Dust']"
13,kakuna,,0,['Shed Skin']
14,beedrill,Untiered,1,"['Sniper', 'Swarm']"
15,pidgey,LC,0,"['Big Pecks', 'Keen Eye', 'Tangled Feet']"
16,pidgeotto,,0,"['Big Pecks', 'Keen Eye', 'Tangled Feet']"
17,pidgeot,Untiered,1,"['Big Pecks', 'Keen Eye', 'Tangled Feet']"
18,rattata,LC,0,"['Guts', 'Hustle', 'Run Away']"
19,raticate,Untiered,1,"['Guts', 'Hustle', 'Run Away']"
20,spearow,LC,0,"['Keen Eye', 'Sniper']"
21,fearow,Untiered,1,"['Keen Eye', 'Sniper']"
22,ekans,LC,0,"['Intimidate', 'Shed Skin', 'Unnerve']"
23,arbok,Untiered,1,"['Intimidate', 'Shed Skin', 'Unnerve']"
24,pikachu,,0,"['Lightning Rod', 'Static']"
25,raichu,Untiered,1,"['Lightning Rod', 'Static']"
26,sandshrew,LC,0,"['Sand Rush', 'Sand Veil']"
27,sandslash,Untiered,1,"['Sand Rush', 'Sand Veil']"
28,nidoran-f,LC,0,"['Hustle', 'Poison Point', 'Rivalry']"
29,nidorina,,0,"['Hustle', 'Poison Point', 'Rivalry']"
30,nidoqueen,RU,1,"['Poison Point', 'Rivalry', 'Sheer Force']"
31,nidoran-m,LC,0,"['Hustle', 'Poison Point', 'Rivalry']"
32,nidorino,,0,"['Hustle', 'Poison Point', 'Rivalry']"
33,nidoking,UU,1,"['Poison Point', 'Rivalry', 'Sheer Force']"
34,clefairy,PU,0,"['Cute Charm', 'Friend Guard', 'Magic Guard']"
35,clefable,OU,1,"['Cute Charm', 'Magic Guard', 'Unaware']"
36,vulpix,,0,"['Drought', 'Flash Fire']"
37,ninetales,RU,1,"['Drought', 'Flash Fire']"
38,jigglypuff,,0,"['Competitive', 'Cute Charm', 'Friend Guard']"
39,wigglytuff,Untiered,1,"['Competitive', 'Cute Charm', 'Frisk']"
40,zubat,LC,0,"['Infiltrator', 'Inner Focus']"
41,golbat,NU,0,"['Infiltrator', 'Inner Focus']"
42,oddish,LC,0,"['Chlorophyll', 'Run Away']"
43,gloom,,0,"['Chlorophyll', 'Stench']"
44,vileplume,NUBL,1,"['Chlorophyll', 'Effect Spore']"
45,paras,LC,0,"['Damp', 'Dry Skin', 'Effect Spore']"
46,parasect,Untiered,1,"['Damp', 'Dry Skin', 'Effect Spore']"
47,venonat,LC,0,"['Compound Eyes', 'Run Away', 'Tinted Lens']"
48,venomoth,RUBL,1,"['Shield Dust', 'Tinted Lens', 'Wonder Skin']"
49,diglett,LC,0,"['Arena Trap', 'Sand Force', 'Sand Veil']"
50,dugtrio,Untiered,1,"['Arena Trap', 'Sand Force', 'Sand Veil']"
51,meowth,LC,0,"['Pickup', 'Technician', 'Unnerve']"
52,persian,Untiered,1,"['Limber', 'Technician', 'Unnerve']"
53,psyduck,LC,0,"['Cloud Nine', 'Damp', 'Swift Swim']"
54,golduck,Untiered,1,"['Cloud Nine', 'Damp', 'Swift Swim']"
55,mankey,LC,0,"['Anger Point', 'Defiant', 'Vital Spirit']"
56,primeape,PU,1,"['Anger Point', 'Defiant', 'Vital Spirit']"
57,growlithe,LC,0,"['Flash Fire', 'Intimidate', 'Justified']"
58,arcanine,RU,1,"['Flash Fire', 'Intimidate', 'Justified']"
59,poliwag,LC,0,"['Damp', 'Swift Swim', 'Water Absorb']"
60,poliwhirl,,0,"['Damp', 'Swift Swim', 'Water Absorb']"
61,poliwrath,Untiered,1,"['Damp', 'Swift Swim', 'Water Absorb']"
62,abra,LC,0,"['Inner Focus', 'Magic Guard', 'Synchronize']"
63,kadabra,,0,"['Inner Focus', 'Magic Guard', 'Synchronize']"
64,alakazam,UUBL,1,"['Inner Focus', 'Magic Guard', 'Synchronize']"
65,machop,LC,0,"['Guts', 'No Guard', 'Steadfast']"
66,machoke,,0,"['Guts', 'No Guard', 'Steadfast']"
67,machamp,RU,1,"['Guts', 'No Guard', 'Steadfast']"
68,bellsprout,LC,0,"['Chlorophyll', 'Gluttony']"
69,weepinbell,,0,"['Chlorophyll', 'Gluttony']"
70,victreebel,PU,1,"['Chlorophyll', 'Gluttony']"
71,tentacool,LC,0,"['Clear Body', 'Liquid Ooze', 'Rain Dish']"
72,tentacruel,UU,1,"['Clear Body', 'Liquid Ooze', 'Rain Dish']"
73,geodude,LC,0,"['Rock Head', 'Sand Veil', 'Sturdy']"
74,graveler,,0,"['Rock Head', 'Sand Veil', 'Sturdy']"
75,golem,Untiered,1,"['Rock Head', 'Sand Veil', 'Sturdy']"
76,ponyta,LC,0,"['Flame Body', 'Flash Fire', 'Run Away']"
77,rapidash,Untiered,1,"['Flame Body', 'Flash Fire', 'Run Away']"
78,slowpoke,LC,0,"['Oblivious', 'Own Tempo', 'Regenerator']"
79,slowbro,RU,1,"['Oblivious', 'Own Tempo', 'Regenerator']"
80,magnemite,LC,0,"['Analytic', 'Magnet Pull', 'Sturdy']"
81,magneton,UU,0,"['Analytic', 'Magnet Pull', 'Sturdy']"
82,farfetch'd,Untiered,1,"['Defiant', 'Inner Focus', 'Keen Eye']"
83,doduo,LC,0,"['Early Bird', 'Run Away', 'Tangled Feet']"
84,dodrio,PU,1,"['Early Bird', 'Run Away', 'Tangled Feet']"
85,seel,LC,0,"['Hydration', 'Ice Body', 'Thick Fat']"
86,dewgong,Untiered,1,"['Hydration', 'Ice Body', 'Thick Fat']"
87,grimer,LC,0,"['Poison Touch', 'Stench', 'Sticky Hold']"
88,muk,Untiered,1,"['Poison Touch', 'Stench', 'Sticky Hold']"
89,shellder,LC,0,"['Overcoat', 'Shell Armor', 'Skill Link']"
90,cloyster,RU,1,"['Overcoat', 'Shell Armor', 'Skill Link']"
91,gastly,LC,0,['Levitate']
92,haunter,PU,0,['Levitate']
93,gengar,UU,1,['Cursed Body']
94,onix,LC,0,"['Rock Head', 'Sturdy', 'Weak Armor']"
95,drowzee,LC,0,"['Forewarn', 'Inner Focus', 'Insomnia']"
96,hypno,Untiered,1,"['Forewarn', 'Inner Focus', 'Insomnia']"
97,krabby,LC,0,"['Hyper Cutter', 'Sheer Force', 'Shell Armor']"
98,kingler,PUBL,1,"['Hyper Cutter', 'Sheer Force', 'Shell Armor']"
99,voltorb,LC,0,"['Aftermath', 'Soundproof', 'Static']"
100,electrode,Untiered,1,"['Aftermath', 'Soundproof', 'Static']"
101,exeggcute,LC,0,"['Chlorophyll', 'Harvest']"
102,exeggutor,Untiered,1,"['Chlorophyll', 'Harvest']"
103,cubone,LC,0,"['Battle Armor', 'Lightning Rod', 'Rock Head']"
104,marowak,Untiered,1,"['Battle Armor', 'Lightning Rod', 'Rock Head']"
105,hitmonlee,NU,1,"['Limber', 'Reckless', 'Unburden']"
106,hitmonchan,PU,1,"['Inner Focus', 'Iron Fist', 'Keen Eye']"
107,lickitung,LC,0,"['Cloud Nine', 'Oblivious', 'Own Tempo']"
108,koffing,LC,0,['Levitate']
109,weezing,NU,1,['Levitate']
110,rhyhorn,LC,0,"['Lightning Rod', 'Reckless', 'Rock Head']"
111,rhydon,NU,0,"['Lightning Rod', 'Reckless', 'Rock Head']"
112,chansey,OU,0,"['Healer', 'Natural Cure', 'Serene Grace']"
113,tangela,PU,0,"['Chlorophyll', 'Leaf Guard', 'Regenerator']"
114,kangaskhan,PU,1,"['Early Bird', 'Inner Focus', 'Scrappy']"
115,horsea,LC,0,"['Damp', 'Sniper', 'Swift Swim']"
116,seadra,,0,"['Damp', 'Poison Point', 'Sniper']"
117,goldeen,LC,0,"['Lightning Rod', 'Swift Swim', 'Water Veil']"
118,seaking,Untiered,1,"['Lightning Rod', 'Swift Swim', 'Water Veil']"
119,staryu,LC,0,"['Analytic', 'Illuminate', 'Natural Cure']"
120,starmie,UU,1,"['Analytic', 'Illuminate', 'Natural Cure']"
121,mr. mime,Untiered,1,"['Filter', 'Soundproof', 'Technician']"
122,scyther,PU,0,"['Steadfast', 'Swarm', 'Technician']"
123,jynx,Untiered,1,"['Dry Skin', 'Forewarn', 'Oblivious']"
124,electabuzz,,0,"['Static', 'Vital Spirit']"
125,magmar,,0,"['Flame Body', 'Vital Spirit']"
126,pinsir,Untiered,1,"['Hyper Cutter', 'Mold Breaker', 'Moxie']"
127,tauros,PUBL,1,"['Anger Point', 'Intimidate', 'Sheer Force']"
128,magikarp,LC,0,"['Rattled', 'Swift Swim']"
129,gyarados,UUBL,1,"['Intimidate', 'Moxie']"
130,lapras,Untiered,1,"['Hydration', 'Shell Armor', 'Water Absorb']"
131,ditto,Untiered,1,"['Imposter', 'Limber']"
132,eevee,LC,0,"['Adaptability', 'Anticipation', 'Run Away']"
133,vaporeon,NU,1,"['Hydration', 'Water Absorb']"
134,jolteon,RU,1,"['Quick Feet', 'Volt Absorb']"
135,flareon,Untiered,1,"['Flash Fire', 'Guts']"
136,porygon,,0,"['Analytic', 'Download', 'Trace']"
137,omanyte,LC,0,"['Shell Armor', 'Swift Swim', 'Weak Armor']"
138,omastar,PU,1,"['Shell Armor', 'Swift Swim', 'Weak Armor']"
139,kabuto,LC,0,"['Battle Armor', 'Swift Swim', 'Weak Armor']"
140,kabutops,PU,1,"['Battle Armor', 'Swift Swim', 'Weak Armor']"
141,aerodactyl,NU,1,"['Pressure', 'Rock Head', 'Unnerve']"
142,snorlax,RU,1,"['Gluttony', 'Immunity', 'Thick Fat']"
143,articuno,PU,1,"['Pressure', 'Snow Cloak']"
144,zapdos,OU,1,"['Pressure', 'Static']"
145,moltres,UU,1,"['Flame Body', 'Pressure']"
146,dratini,LC,0,"['Marvel Scale', 'Shed Skin']"
147,dragonair,,0,"['Marvel Scale', 'Shed Skin']"
148,dragonite,UUBL,1,"['Inner Focus', 'Multiscale']"
149,mewtwo,Uber,1,"['Pressure', 'Unnerve']"
150,mew,UU,1,['Synchronize']
151,chikorita,LC,0,"['Leaf Guard', 'Overgrow']"
152,bayleef,,0,"['Leaf Guard', 'Overgrow']"
153,meganium,Untiered,1,"['Leaf Guard', 'Overgrow']"
154,cyndaquil,LC,0,"['Blaze', 'Flash Fire']"
155,quilava,,0,"['Blaze', 'Flash Fire']"
156,typhlosion,NU,1,"['Blaze', 'Flash Fire']"
157,totodile,LC,0,"['Sheer Force', 'Torrent']"
158,croconaw,,0,"['Sheer Force', 'Torrent']"
159,feraligatr,UU,1,"['Sheer Force', 'Torrent']"
160,igglybuff,LC,0,"['Competitive', 'Cute Charm', 'Friend Guard']"
161,togepi,LC,0,"['Hustle', 'Serene Grace', 'Super Luck']"
162,togetic,,0,"['Hustle', 'Serene Grace', 'Super Luck']"
163,cleffa,LC,0,"['Cute Charm', 'Friend Guard', 'Magic Guard']"
164,ampharos,Untiered,1,"['Plus', 'Static']"
165,bellossom,Untiered,1,"['Chlorophyll', 'Healer']"
166,marill,,0,"['Huge Power', 'Sap Sipper', 'Thick Fat']"
167,azumarill,OU,1,"['Huge Power', 'Sap Sipper', 'Thick Fat']"
168,jumpluff,Untiered,1,"['Chlorophyll', 'Infiltrator', 'Leaf Guard']"
169,snubbull,LC,0,"['Intimidate', 'Rattled', 'Run Away']"
170,granbull,Untiered,1,"['Intimidate', 'Quick Feet', 'Rattled']"
171,raikou,RU,1,"['Inner Focus', 'Pressure']"
172,entei,RUBL,1,"['Inner Focus', 'Pressure']"
173,suicune,UU,1,"['Inner Focus', 'Pressure']"
174,noctowl,Untiered,1,"['Insomnia', 'Keen Eye', 'Tinted Lens']"
175,ariados,Untiered,1,"['Insomnia', 'Sniper', 'Swarm']"
176,qwilfish,PU,1,"['Intimidate', 'Poison Point', 'Swift Swim']"
177,magcargo,Untiered,1,"['Flame Body', 'Magma Armor', 'Weak Armor']"
178,corsola,Untiered,1,"['Hustle', 'Natural Cure', 'Regenerator']"
179,mantine,RU,1,"['Swift Swim', 'Water Absorb', 'Water Veil']"
180,sentret,LC,0,"['Frisk', 'Keen Eye', 'Run Away']"
181,furret,Untiered,1,"['Frisk', 'Keen Eye', 'Run Away']"
182,hoothoot,LC,0,"['Insomnia', 'Keen Eye', 'Tinted Lens']"
183,ledyba,LC,0,"['Early Bird', 'Rattled', 'Swarm']"
184,ledian,Untiered,1,"['Early Bird', 'Iron Fist', 'Swarm']"
185,spinarak,LC,0,"['Insomnia', 'Sniper', 'Swarm']"
186,crobat,UU,1,"['Infiltrator', 'Inner Focus']"
187,chinchou,LC,0,"['Illuminate', 'Volt Absorb', 'Water Absorb']"
188,lanturn,PU,1,"['Illuminate', 'Volt Absorb', 'Water Absorb']"
189,pichu,LC,0,"['Lightning Rod', 'Static']"
190,natu,LC,0,"['Early Bird', 'Magic Bounce', 'Synchronize']"
191,xatu,NU,1,"['Early Bird', 'Magic Bounce', 'Synchronize']"
192,mareep,LC,0,"['Plus', 'Static']"
193,flaaffy,,0,"['Plus', 'Static']"
194,sudowoodo,Untiered,1,"['Rattled', 'Rock Head', 'Sturdy']"
195,politoed,Untiered,1,"['Damp', 'Drizzle', 'Water Absorb']"
196,hoppip,LC,0,"['Chlorophyll', 'Infiltrator', 'Leaf Guard']"
197,skiploom,,0,"['Chlorophyll', 'Infiltrator', 'Leaf Guard']"
198,aipom,,0,"['Pickup', 'Run Away', 'Skill Link']"
199,sunkern,LC,0,"['Chlorophyll', 'Early Bird', 'Solar Power']"
200,sunflora,Untiered,1,"['Chlorophyll', 'Early Bird', 'Solar Power']"
201,yanma,,0,"['Compound Eyes', 'Frisk', 'Speed Boost']"
202,wooper,LC,0,"['Damp', 'Unaware', 'Water Absorb']"
203,quagsire,UU,1,"['Damp', 'Unaware', 'Water Absorb']"
204,espeon,RU,1,"['Magic Bounce', 'Synchronize']"
205,umbreon,RU,1,"['Inner Focus', 'Synchronize']"
206,murkrow,,0,"['Insomnia', 'Prankster', 'Super Luck']"
207,slowking,NU,1,"['Oblivious', 'Own Tempo', 'Regenerator']"
208,misdreavus,,0,['Levitate']
209,unown,Untiered,1,['Levitate']
210,wobbuffet,Untiered,1,"['Shadow Tag', 'Telepathy']"
211,girafarig,Untiered,1,"['Early Bird', 'Inner Focus', 'Sap Sipper']"
212,pineco,LC,0,"['Overcoat', 'Sturdy']"
213,forretress,RU,1,"['Overcoat', 'Sturdy']"
214,dunsparce,Untiered,1,"['Rattled', 'Run Away', 'Serene Grace']"
215,gligar,UU,0,"['Hyper Cutter', 'Immunity', 'Sand Veil']"
216,steelix,NU,1,"['Rock Head', 'Sheer Force', 'Sturdy']"
217,scizor,UU,1,"['Light Metal', 'Swarm', 'Technician']"
218,shuckle,Untiered,1,"['Contrary', 'Gluttony', 'Sturdy']"
219,heracross,RUBL,1,"['Guts', 'Moxie', 'Swarm']"
220,sneasel,NU,0,"['Inner Focus', 'Keen Eye', 'Pickpocket']"
221,teddiursa,LC,0,"['Honey Gather', 'Pickup', 'Quick Feet']"
222,ursaring,Untiered,1,"['Guts', 'Quick Feet', 'Unnerve']"
223,slugma,LC,0,"['Flame Body', 'Magma Armor', 'Weak Armor']"
224,swinub,LC,0,"['Oblivious', 'Snow Cloak', 'Thick Fat']"
225,piloswine,NU,0,"['Oblivious', 'Snow Cloak', 'Thick Fat']"
226,remoraid,LC,0,"['Hustle', 'Moody', 'Sniper']"
227,octillery,Untiered,1,"['Moody', 'Sniper', 'Suction Cups']"
228,delibird,Untiered,1,"['Hustle', 'Insomnia', 'Vital Spirit']"
229,skarmory,OU,1,"['Keen Eye', 'Sturdy', 'Weak Armor']"
230,houndour,LC,0,"['Early Bird', 'Flash Fire', 'Unnerve']"
231,houndoom,PUBL,1,"['Early Bird', 'Flash Fire', 'Unnerve']"
232,kingdra,NUBL,1,"['Damp', 'Sniper', 'Swift Swim']"
233,phanpy,LC,0,"['Pickup', 'Sand Veil']"
234,donphan,RU,1,"['Sand Veil', 'Sturdy']"
235,porygon2,RU,0,"['Analytic', 'Download', 'Trace']"
236,stantler,Untiered,1,"['Frisk', 'Intimidate', 'Sap Sipper']"
237,smeargle,Untiered,1,"['Moody', 'Own Tempo', 'Technician']"
238,tyrogue,LC,0,"['Guts', 'Steadfast', 'Vital Spirit']"
239,hitmontop,NU,1,"['Intimidate', 'Steadfast', 'Technician']"
240,smoochum,LC,0,"['Forewarn', 'Hydration', 'Oblivious']"
241,elekid,LC,0,"['Static', 'Vital Spirit']"
242,magby,LC,0,"['Flame Body', 'Vital Spirit']"
243,miltank,NU,1,"['Sap Sipper', 'Scrappy', 'Thick Fat']"
244,blissey,UU,1,"['Healer', 'Natural Cure', 'Serene Grace']"
245,larvitar,LC,0,"['Guts', 'Sand Veil']"
246,pupitar,,0,['Shed Skin']
247,tyranitar,OU,1,"['Sand Stream', 'Unnerve']"
248,lugia,Uber,1,"['Multiscale', 'Pressure']"
249,ho-oh,Uber,1,"['Pressure', 'Regenerator']"
250,celebi,UU,1,['Natural Cure']
251,milotic,RU,1,"['Competitive', 'Cute Charm', 'Marvel Scale']"
252,beautifly,Untiered,1,"['Rivalry', 'Swarm']"
253,ralts,LC,0,"['Synchronize', 'Telepathy', 'Trace']"
254,kirlia,,0,"['Synchronize', 'Telepathy', 'Trace']"
255,gardevoir,RU,1,"['Synchronize', 'Telepathy', 'Trace']"
256,exploud,NUBL,1,"['Scrappy', 'Soundproof']"
257,azurill,LC,0,"['Huge Power', 'Sap Sipper', 'Thick Fat']"
258,mawile,Untiered,1,"['Hyper Cutter', 'Intimidate', 'Sheer Force']"
259,plusle,Untiered,1,"['Lightning Rod', 'Plus']"
260,minun,Untiered,1,"['Minus', 'Volt Absorb']"
261,kecleon,Untiered,1,"['Color Change', 'Protean']"
262,duskull,LC,0,"['Frisk', 'Levitate']"
263,dusclops,,0,"['Frisk', 'Pressure']"
264,regirock,PU,1,"['Clear Body', 'Sturdy']"
265,regice,Untiered,1,"['Clear Body', 'Ice Body']"
266,registeel,RU,1,"['Clear Body', 'Light Metal']"
267,swellow,RU,1,"['Guts', 'Scrappy']"
268,wingull,,0,"['Hydration', 'Keen Eye', 'Rain Dish']"
269,pelipper,OU,1,"['Drizzle', 'Keen Eye', 'Rain Dish']"
270,masquerain,Untiered,1,"['Intimidate', 'Unnerve']"
271,delcatty,Untiered,1,"['Cute Charm', 'Normalize', 'Wonder Skin']"
272,volbeat,Untiered,1,"['Illuminate', 'Prankster', 'Swarm']"
273,illumise,Untiered,1,"['Oblivious', 'Prankster', 'Tinted Lens']"
274,torkoal,Untiered,1,"['Drought', 'Shell Armor', 'White Smoke']"
275,lunatone,Untiered,1,['Levitate']
276,solrock,Untiered,1,['Levitate']
277,castform,Untiered,1,['Forecast']
278,chimecho,Untiered,1,['Levitate']
279,trapinch,,0,"['Arena Trap', 'Hyper Cutter', 'Sheer Force']"
280,vibrava,,0,['Levitate']
281,flygon,RU,1,['Levitate']
282,treecko,LC,0,"['Overgrow', 'Unburden']"
283,grovyle,,0,"['Overgrow', 'Unburden']"
284,sceptile,NU,1,"['Overgrow', 'Unburden']"
285,torchic,LC,0,"['Blaze', 'Speed Boost']"
286,combusken,,0,"['Blaze', 'Speed Boost']"
287,blaziken,Uber,1,"['Blaze', 'Speed Boost']"
288,mudkip,LC,0,"['Damp', 'Torrent']"
289,marshtomp,,0,"['Damp', 'Torrent']"
290,swampert,UU,1,"['Damp', 'Torrent']"
291,poochyena,LC,0,"['Quick Feet', 'Rattled', 'Run Away']"
292,mightyena,Untiered,1,"['Intimidate', 'Moxie', 'Quick Feet']"
293,zigzagoon,LC,0,"['Gluttony', 'Pickup', 'Quick Feet']"
294,linoone,RUBL,1,"['Gluttony', 'Pickup', 'Quick Feet']"
295,wurmple,LC,0,"['Run Away', 'Shield Dust']"
296,silcoon,,0,['Shed Skin']
297,cascoon,,0,['Shed Skin']
298,dustox,Untiered,1,"['Compound Eyes', 'Shield Dust']"
299,lotad,LC,0,"['Own Tempo', 'Rain Dish', 'Swift Swim']"
300,lombre,,0,"['Own Tempo', 'Rain Dish', 'Swift Swim']"
301,ludicolo,PU,1,"['Own Tempo', 'Rain Dish', 'Swift Swim']"
302,seedot,LC,0,"['Chlorophyll', 'Early Bird', 'Pickpocket']"
303,nuzleaf,,0,"['Chlorophyll', 'Early Bird', 'Pickpocket']"
304,shiftry,Untiered,1,"['Chlorophyll', 'Early Bird', 'Pickpocket']"
305,taillow,LC,0,"['Guts', 'Scrappy']"
306,surskit,LC,0,"['Rain Dish', 'Swift Swim']"
307,shroomish,LC,0,"['Effect Spore', 'Poison Heal', 'Quick Feet']"
308,breloom,UUBL,1,"['Effect Spore', 'Poison Heal', 'Technician']"
309,slakoth,LC,0,['Truant']
310,vigoroth,,0,['Vital Spirit']
311,slaking,Untiered,1,['Truant']
312,nincada,LC,0,"['Compound Eyes', 'Run Away']"
313,ninjask,Untiered,1,"['Infiltrator', 'Speed Boost']"
314,shedinja,Untiered,1,['Wonder Guard']
315,whismur,LC,0,"['Rattled', 'Soundproof']"
316,loudred,,0,"['Scrappy', 'Soundproof']"
317,makuhita,LC,0,"['Guts', 'Sheer Force', 'Thick Fat']"
318,hariyama,NU,1,"['Guts', 'Sheer Force', 'Thick Fat']"
319,nosepass,LC,0,"['Magnet Pull', 'Sand Force', 'Sturdy']"
320,skitty,LC,0,"['Cute Charm', 'Normalize', 'Wonder Skin']"
321,sableye,PU,1,"['Keen Eye', 'Prankster', 'Stall']"
322,aron,LC,0,"['Heavy Metal', 'Rock Head', 'Sturdy']"
323,lairon,,0,"['Heavy Metal', 'Rock Head', 'Sturdy']"
324,aggron,PU,1,"['Heavy Metal', 'Rock Head', 'Sturdy']"
325,meditite,,0,"['Pure Power', 'Telepathy']"
326,medicham,NU,1,"['Pure Power', 'Telepathy']"
327,electrike,LC,0,"['Lightning Rod', 'Minus', 'Static']"
328,manectric,PU,1,"['Lightning Rod', 'Minus', 'Static']"
329,roselia,PU,0,"['Leaf Guard', 'Natural Cure', 'Poison Point']"
330,gulpin,LC,0,"['Gluttony', 'Liquid Ooze', 'Sticky Hold']"
331,swalot,Untiered,1,"['Gluttony', 'Liquid Ooze', 'Sticky Hold']"
332,carvanha,LC,0,"['Rough Skin', 'Speed Boost']"
333,sharpedo,RUBL,1,"['Rough Skin', 'Speed Boost']"
334,wailmer,LC,0,"['Oblivious', 'Pressure', 'Water Veil']"
335,wailord,Untiered,1,"['Oblivious', 'Pressure', 'Water Veil']"
336,numel,LC,0,"['Oblivious', 'Own Tempo', 'Simple']"
337,camerupt,Untiered,1,"['Anger Point', 'Magma Armor', 'Solid Rock']"
338,spoink,LC,0,"['Gluttony', 'Own Tempo', 'Thick Fat']"
339,grumpig,Untiered,1,"['Gluttony', 'Own Tempo', 'Thick Fat']"
340,spinda,Untiered,1,"['Contrary', 'Own Tempo', 'Tangled Feet']"
341,cacnea,LC,0,"['Sand Veil', 'Water Absorb']"
342,cacturne,Untiered,1,"['Sand Veil', 'Water Absorb']"
343,swablu,LC,0,"['Cloud Nine', 'Natural Cure']"
344,altaria,Untiered,1,"['Cloud Nine', 'Natural Cure']"
345,zangoose,PU,1,"['Immunity', 'Toxic Boost']"
346,seviper,Untiered,1,"['Infiltrator', 'Shed Skin']"
347,barboach,LC,0,"['Anticipation', 'Hydration', 'Oblivious']"
348,whiscash,Untiered,1,"['Anticipation', 'Hydration', 'Oblivious']"
349,corphish,LC,0,"['Adaptability', 'Hyper Cutter', 'Shell Armor']"
350,crawdaunt,UU,1,"['Adaptability', 'Hyper Cutter', 'Shell Armor']"
351,baltoy,LC,0,['Levitate']
352,claydol,PU,1,['Levitate']
353,lileep,LC,0,"['Storm Drain', 'Suction Cups']"
354,cradily,Untiered,1,"['Storm Drain', 'Suction Cups']"
355,anorith,LC,0,"['Battle Armor', 'Swift Swim']"
356,armaldo,Untiered,1,"['Battle Armor', 'Swift Swim']"
357,feebas,LC,0,"['Adaptability', 'Oblivious', 'Swift Swim']"
358,shuppet,LC,0,"['Cursed Body', 'Frisk', 'Insomnia']"
359,banette,Untiered,1,"['Cursed Body', 'Frisk', 'Insomnia']"
360,tropius,Untiered,1,"['Chlorophyll', 'Harvest', 'Solar Power']"
361,absol,PU,1,"['Justified', 'Pressure', 'Super Luck']"
362,wynaut,LC,0,"['Shadow Tag', 'Telepathy']"
363,snorunt,LC,0,"['Ice Body', 'Inner Focus', 'Moody']"
364,glalie,Untiered,1,"['Ice Body', 'Inner Focus', 'Moody']"
365,spheal,LC,0,"['Ice Body', 'Oblivious', 'Thick Fat']"
366,sealeo,,0,"['Ice Body', 'Oblivious', 'Thick Fat']"
367,walrein,Untiered,1,"['Ice Body', 'Oblivious', 'Thick Fat']"
368,clamperl,LC,0,"['Rattled', 'Shell Armor']"
369,huntail,Untiered,1,"['Swift Swim', 'Water Veil']"
370,gorebyss,Untiered,1,"['Hydration', 'Swift Swim']"
371,relicanth,Untiered,1,"['Rock Head', 'Sturdy', 'Swift Swim']"
372,luvdisc,Untiered,1,"['Hydration', 'Swift Swim']"
373,bagon,LC,0,"['Rock Head', 'Sheer Force']"
374,shelgon,,0,"['Overcoat', 'Rock Head']"
375,salamence,UUBL,1,"['Intimidate', 'Moxie']"
376,beldum,LC,0,"['Clear Body', 'Light Metal']"
377,metang,,0,"['Clear Body', 'Light Metal']"
378,metagross,RU,1,"['Clear Body', 'Light Metal']"
379,latias,UU,1,['Levitate']
380,latios,UUBL,1,['Levitate']
381,kyogre,Uber,1,['Drizzle']
382,groudon,Uber,1,['Drought']
383,rayquaza,Uber,1,['Air Lock']
384,jirachi,OU,1,['Serene Grace']
385,deoxys,Uber,1,['Pressure']
386,deoxys-attack,Uber,1,['Pressure']
387,deoxys-defense,Uber,1,['Pressure']
388,deoxys-speed,Uber,1,['Pressure']
389,rotom-heat,UU,1,['Levitate']
390,rotom-wash,OU,1,['Levitate']
391,rotom-frost,PU,1,['Levitate']
392,rotom-fan,Untiered,1,['Levitate']
393,rotom-mow,RU,1,['Levitate']
394,starly,LC,0,"['Keen Eye', 'Reckless']"
395,staraptor,UUBL,1,"['Intimidate', 'Reckless']"
396,roserade,RU,1,"['Natural Cure', 'Poison Point', 'Technician']"
397,mime jr.,LC,0,"['Filter', 'Soundproof', 'Technician']"
398,togekiss,UU,1,"['Hustle', 'Serene Grace', 'Super Luck']"
399,dusknoir,Untiered,1,"['Frisk', 'Pressure']"
400,heatran,OU,1,['Flash Fire']
401,burmy,LC,0,"['Overcoat', 'Shed Skin']"
402,wormadam,Untiered,1,"['Anticipation', 'Overcoat']"
403,wormadam-sandy,Untiered,1,"['Anticipation', 'Overcoat']"
404,wormadam-trash,Untiered,1,"['Anticipation', 'Overcoat']"
405,cherrim,Untiered,1,['Flower Gift']
406,arceus,Uber,1,['Multitype']
407,syclant,CAP,1,"['Compound Eyes', 'Ice Body', 'Mountaineer']"
408,revenankh,CAP,1,"['Air Lock', 'Shed Skin', 'Triage']"
409,pyroak,CAP,1,"['Battle Armor', 'Rock Head', 'White Smoke']"
410,fidgit,CAP,1,"['Frisk', 'Persistent', 'Vital Spirit']"
411,stratagem,CAP,1,"['Levitate', 'Sniper', 'Technician']"
412,arghonaut,CAP,1,"['Technician', 'Unaware']"
413,kitsunoh,CAP,1,"['Frisk', 'Iron Fist', 'Limber']"
414,cyclohm,CAP,1,"['Damp', 'Shield Dust', 'Static']"
415,colossoil,CAP,1,"['Guts', 'Rebound', 'Unnerve']"
416,krilowatt,CAP,1,"['Magic Guard', 'Minus', 'Trace']"
417,voodoom,CAP,1,"['Cursed Body', 'Lightning Rod', 'Volt Absorb']"
418,leafeon,Untiered,1,"['Chlorophyll', 'Leaf Guard']"
419,glaceon,Untiered,1,"['Ice Body', 'Snow Cloak']"
420,gallade,PUBL,1,"['Justified', 'Steadfast']"
421,turtwig,LC,0,"['Overgrow', 'Shell Armor']"
422,grotle,,0,"['Overgrow', 'Shell Armor']"
423,torterra,Untiered,1,"['Overgrow', 'Shell Armor']"
424,chimchar,LC,0,"['Blaze', 'Iron Fist']"
425,monferno,,0,"['Blaze', 'Iron Fist']"
426,infernape,UU,1,"['Blaze', 'Iron Fist']"
427,piplup,LC,0,"['Defiant', 'Torrent']"
428,prinplup,,0,"['Defiant', 'Torrent']"
429,empoleon,UU,1,"['Defiant', 'Torrent']"
430,staravia,,0,"['Intimidate', 'Reckless']"
431,bidoof,LC,0,"['Moody', 'Simple', 'Unaware']"
432,bibarel,Untiered,1,"['Moody', 'Simple', 'Unaware']"
433,kricketot,LC,0,"['Run Away', 'Shed Skin']"
434,kricketune,Untiered,1,"['Swarm', 'Technician']"
435,shinx,LC,0,"['Guts', 'Intimidate', 'Rivalry']"
436,luxio,,0,"['Guts', 'Intimidate', 'Rivalry']"
437,luxray,Untiered,1,"['Guts', 'Intimidate', 'Rivalry']"
438,budew,LC,0,"['Leaf Guard', 'Natural Cure', 'Poison Point']"
439,cranidos,LC,0,"['Mold Breaker', 'Sheer Force']"
440,rampardos,Untiered,1,"['Mold Breaker', 'Sheer Force']"
441,shieldon,LC,0,"['Soundproof', 'Sturdy']"
442,bastiodon,Untiered,1,"['Soundproof', 'Sturdy']"
443,mothim,Untiered,1,"['Swarm', 'Tinted Lens']"
444,combee,LC,0,"['Honey Gather', 'Hustle']"
445,vespiquen,Untiered,1,"['Pressure', 'Unnerve']"
446,pachirisu,Untiered,1,"['Pickup', 'Run Away', 'Volt Absorb']"
447,buizel,LC,0,"['Swift Swim', 'Water Veil']"
448,floatzel,Untiered,1,"['Swift Swim', 'Water Veil']"
449,cherubi,LC,0,['Chlorophyll']
450,shellos,LC,0,"['Sand Force', 'Sticky Hold', 'Storm Drain']"
451,gastrodon,PU,1,"['Sand Force', 'Sticky Hold', 'Storm Drain']"
452,ambipom,NU,1,"['Pickup', 'Skill Link', 'Technician']"
453,drifloon,,0,"['Aftermath', 'Flare Boost', 'Unburden']"
454,drifblim,Untiered,1,"['Aftermath', 'Flare Boost', 'Unburden']"
455,buneary,LC,0,"['Klutz', 'Limber', 'Run Away']"
456,lopunny,Untiered,1,"['Cute Charm', 'Klutz', 'Limber']"
457,mismagius,NU,1,['Levitate']
458,honchkrow,RU,1,"['Insomnia', 'Moxie', 'Super Luck']"
459,glameow,LC,0,"['Keen Eye', 'Limber', 'Own Tempo']"
460,purugly,Untiered,1,"['Defiant', 'Own Tempo', 'Thick Fat']"
461,chingling,LC,0,['Levitate']
462,stunky,LC,0,"['Aftermath', 'Keen Eye', 'Stench']"
463,skuntank,PU,1,"['Aftermath', 'Keen Eye', 'Stench']"
464,bronzor,LC,0,"['Heatproof', 'Heavy Metal', 'Levitate']"
465,bronzong,RU,1,"['Heatproof', 'Heavy Metal', 'Levitate']"
466,bonsly,LC,0,"['Rattled', 'Rock Head', 'Sturdy']"
467,happiny,LC,0,"['Friend Guard', 'Natural Cure', 'Serene Grace']"
468,chatot,Untiered,1,"['Big Pecks', 'Keen Eye', 'Tangled Feet']"
469,spiritomb,PU,1,"['Infiltrator', 'Pressure']"
470,gible,LC,0,"['Rough Skin', 'Sand Veil']"
471,gabite,,0,"['Rough Skin', 'Sand Veil']"
472,garchomp,OU,1,"['Rough Skin', 'Sand Veil']"
473,munchlax,LC,0,"['Gluttony', 'Pickup', 'Thick Fat']"
474,riolu,LC,0,"['Inner Focus', 'Prankster', 'Steadfast']"
475,lucario,UU,1,"['Inner Focus', 'Justified', 'Steadfast']"
476,hippopotas,LC,0,"['Sand Force', 'Sand Stream']"
477,hippowdon,UU,1,"['Sand Force', 'Sand Stream']"
478,skorupi,LC,0,"['Battle Armor', 'Keen Eye', 'Sniper']"
479,drapion,RU,1,"['Battle Armor', 'Keen Eye', 'Sniper']"
480,croagunk,LC,0,"['Anticipation', 'Dry Skin', 'Poison Touch']"
481,toxicroak,RU,1,"['Anticipation', 'Dry Skin', 'Poison Touch']"
482,carnivine,Untiered,1,['Levitate']
483,finneon,LC,0,"['Storm Drain', 'Swift Swim', 'Water Veil']"
484,lumineon,Untiered,1,"['Storm Drain', 'Swift Swim', 'Water Veil']"
485,mantyke,LC,0,"['Swift Swim', 'Water Absorb', 'Water Veil']"
486,snover,LC,0,"['Snow Warning', 'Soundproof']"
487,abomasnow,PU,1,"['Snow Warning', 'Soundproof']"
488,weavile,UUBL,1,"['Pickpocket', 'Pressure']"
489,magnezone,OU,1,"['Analytic', 'Magnet Pull', 'Sturdy']"
490,lickilicky,Untiered,1,"['Cloud Nine', 'Oblivious', 'Own Tempo']"
491,rhyperior,RU,1,"['Lightning Rod', 'Reckless', 'Solid Rock']"
492,tangrowth,OU,1,"['Chlorophyll', 'Leaf Guard', 'Regenerator']"
493,electivire,Untiered,1,"['Motor Drive', 'Vital Spirit']"
494,magmortar,NU,1,"['Flame Body', 'Vital Spirit']"
495,yanmega,RU,1,"['Frisk', 'Speed Boost', 'Tinted Lens']"
496,gliscor,OU,1,"['Hyper Cutter', 'Poison Heal', 'Sand Veil']"
497,mamoswine,UU,1,"['Oblivious', 'Snow Cloak', 'Thick Fat']"
498,porygon-z,UUBL,1,"['Adaptability', 'Analytic', 'Download']"
499,probopass,Untiered,1,"['Magnet Pull', 'Sand Force', 'Sturdy']"
500,froslass,UU,1,"['Cursed Body', 'Snow Cloak']"
501,rotom,NU,1,['Levitate']
502,uxie,RU,1,['Levitate']
503,mesprit,NU,1,['Levitate']
504,azelf,UU,1,['Levitate']
505,dialga,Uber,1,"['Pressure', 'Telepathy']"
506,palkia,Uber,1,"['Pressure', 'Telepathy']"
507,regigigas,Untiered,1,['Slow Start']
508,giratina,Uber,1,"['Pressure', 'Telepathy']"
509,giratina-origin,Uber,1,['Levitate']
510,cresselia,RU,1,['Levitate']
511,phione,Untiered,1,['Hydration']
512,manaphy,OU,1,['Hydration']
513,darkrai,Uber,1,['Bad Dreams']
514,shaymin,RU,1,['Natural Cure']
515,shaymin-sky,Uber,1,['Serene Grace']
516,arceus-bug,Uber,1,['Multitype']
517,arceus-dark,Uber,1,['Multitype']
518,arceus-dragon,Uber,1,['Multitype']
519,arceus-electric,Uber,1,['Multitype']
520,arceus-fighting,Uber,1,['Multitype']
521,arceus-fire,Uber,1,['Multitype']
522,arceus-flying,Uber,1,['Multitype']
523,arceus-ghost,Uber,1,['Multitype']
524,arceus-grass,Uber,1,['Multitype']
525,arceus-ground,Uber,1,['Multitype']
526,arceus-ice,Uber,1,['Multitype']
527,arceus-poison,Uber,1,['Multitype']
528,arceus-psychic,Uber,1,['Multitype']
529,arceus-rock,Uber,1,['Multitype']
530,arceus-steel,Uber,1,['Multitype']
531,arceus-water,Uber,1,['Multitype']
532,syclar,,0,"['Compound Eyes', 'Ice Body', 'Snow Cloak']"
533,embirch,,0,"['Chlorophyll', 'Leaf Guard', 'Reckless']"
534,flarelm,,0,"['Battle Armor', 'Rock Head', 'White Smoke']"
535,breezi,,0,"['Frisk', 'Own Tempo', 'Unburden']"
536,rebble,,0,"['Levitate', 'Sniper', 'Solid Rock']"
537,tactite,,0,"['Levitate', 'Sniper', 'Technician']"
538,privatyke,,0,"['Technician', 'Unaware']"
539,voodoll,,0,"['Cursed Body', 'Lightning Rod', 'Volt Absorb']"
540,snivy,LC,0,"['Contrary', 'Overgrow']"
541,servine,,0,"['Contrary', 'Overgrow']"
542,serperior,OU,1,"['Contrary', 'Overgrow']"
543,tepig,LC,0,"['Blaze', 'Thick Fat']"
544,pignite,,0,"['Blaze', 'Thick Fat']"
545,emboar,NUBL,1,"['Blaze', 'Reckless']"
546,oshawott,LC,0,"['Shell Armor', 'Torrent']"
547,dewott,,0,"['Shell Armor', 'Torrent']"
548,samurott,NU,1,"['Shell Armor', 'Torrent']"
549,stoutland,PU,1,"['Intimidate', 'Sand Rush', 'Scrappy']"
550,unfezant,Untiered,1,"['Big Pecks', 'Rivalry', 'Super Luck']"
551,gigalith,RU,1,"['Sand Force', 'Sand Stream', 'Sturdy']"
552,seismitoad,NU,1,"['Poison Touch', 'Swift Swim', 'Water Absorb']"
553,leavanny,Untiered,1,"['Chlorophyll', 'Overcoat', 'Swarm']"
554,venipede,LC,0,"['Poison Point', 'Speed Boost', 'Swarm']"
555,whirlipede,,0,"['Poison Point', 'Speed Boost', 'Swarm']"
556,scolipede,UUBL,1,"['Poison Point', 'Speed Boost', 'Swarm']"
557,cottonee,LC,0,"['Chlorophyll', 'Infiltrator', 'Prankster']"
558,whimsicott,NU,1,"['Chlorophyll', 'Infiltrator', 'Prankster']"
559,krookodile,UU,1,"['Anger Point', 'Intimidate', 'Moxie']"
560,gothita,,0,"['Competitive', 'Frisk', 'Shadow Tag']"
561,gothorita,,0,"['Competitive', 'Frisk', 'Shadow Tag']"
562,gothitelle,Untiered,1,"['Competitive', 'Frisk', 'Shadow Tag']"
563,ferrothorn,OU,1,"['Anticipation', 'Iron Barbs']"
564,klink,LC,0,"['Clear Body', 'Minus', 'Plus']"
565,litwick,LC,0,"['Flame Body', 'Flash Fire', 'Infiltrator']"
566,lampent,,0,"['Flame Body', 'Flash Fire', 'Infiltrator']"
567,chandelure,UU,1,"['Flame Body', 'Flash Fire', 'Infiltrator']"
568,rufflet,LC,0,"['Hustle', 'Keen Eye', 'Sheer Force']"
569,larvesta,LC,0,"['Flame Body', 'Swarm']"
570,volcarona,OU,1,"['Flame Body', 'Swarm']"
571,roggenrola,LC,0,"['Sand Force', 'Sturdy', 'Weak Armor']"
572,boldore,,0,"['Sand Force', 'Sturdy', 'Weak Armor']"
573,woobat,LC,0,"['Klutz', 'Simple', 'Unaware']"
574,crustle,Untiered,1,"['Shell Armor', 'Sturdy', 'Weak Armor']"
575,vanillite,LC,0,"['Ice Body', 'Snow Cloak', 'Weak Armor']"
576,vanillish,,0,"['Ice Body', 'Snow Cloak', 'Weak Armor']"
577,vanilluxe,NUBL,1,"['Ice Body', 'Snow Warning', 'Weak Armor']"
578,deerling,LC,0,"['Chlorophyll', 'Sap Sipper', 'Serene Grace']"
579,cubchoo,LC,0,"['Rattled', 'Slush Rush', 'Snow Cloak']"
580,beartic,Untiered,1,"['Slush Rush', 'Snow Cloak', 'Swift Swim']"
581,cryogonal,PU,1,['Levitate']
582,necturna,CAP,1,"['Forewarn', 'Telepathy']"
583,aurumoth,CAP,1,"['Light Metal', 'No Guard', 'Weak Armor']"
584,malaconda,CAP,1,"['Drought', 'Harvest', 'Infiltrator']"
585,garbodor,NU,1,"['Aftermath', 'Stench', 'Weak Armor']"
586,victini,OU,1,['Victory Star']
587,patrat,LC,0,"['Analytic', 'Keen Eye', 'Run Away']"
588,watchog,Untiered,1,"['Analytic', 'Illuminate', 'Keen Eye']"
589,lillipup,LC,0,"['Pickup', 'Run Away', 'Vital Spirit']"
590,herdier,,0,"['Intimidate', 'Sand Rush', 'Scrappy']"
591,purrloin,LC,0,"['Limber', 'Prankster', 'Unburden']"
592,liepard,PU,1,"['Limber', 'Prankster', 'Unburden']"
593,pansage,LC,0,"['Gluttony', 'Overgrow']"
594,simisage,Untiered,1,"['Gluttony', 'Overgrow']"
595,pansear,LC,0,"['Blaze', 'Gluttony']"
596,simisear,Untiered,1,"['Blaze', 'Gluttony']"
597,panpour,LC,0,"['Gluttony', 'Torrent']"
598,simipour,Untiered,1,"['Gluttony', 'Torrent']"
599,munna,LC,0,"['Forewarn', 'Synchronize', 'Telepathy']"
600,musharna,PU,1,"['Forewarn', 'Synchronize', 'Telepathy']"
601,pidove,LC,0,"['Big Pecks', 'Rivalry', 'Super Luck']"
602,tranquill,,0,"['Big Pecks', 'Rivalry', 'Super Luck']"
603,blitzle,LC,0,"['Lightning Rod', 'Motor Drive', 'Sap Sipper']"
604,zebstrika,Untiered,1,"['Lightning Rod', 'Motor Drive', 'Sap Sipper']"
605,swoobat,Untiered,1,"['Klutz', 'Simple', 'Unaware']"
606,drilbur,LC,0,"['Mold Breaker', 'Sand Force', 'Sand Rush']"
607,excadrill,OU,1,"['Mold Breaker', 'Sand Force', 'Sand Rush']"
608,audino,PU,1,"['Healer', 'Klutz', 'Regenerator']"
609,timburr,LC,0,"['Guts', 'Iron Fist', 'Sheer Force']"
610,gurdurr,PU,0,"['Guts', 'Iron Fist', 'Sheer Force']"
611,conkeldurr,UUBL,1,"['Guts', 'Iron Fist', 'Sheer Force']"
612,tympole,LC,0,"['Hydration', 'Swift Swim', 'Water Absorb']"
613,palpitoad,,0,"['Hydration', 'Swift Swim', 'Water Absorb']"
614,throh,Untiered,1,"['Guts', 'Inner Focus', 'Mold Breaker']"
615,sawk,PUBL,1,"['Inner Focus', 'Mold Breaker', 'Sturdy']"
616,sewaddle,LC,0,"['Chlorophyll', 'Overcoat', 'Swarm']"
617,swadloon,,0,"['Chlorophyll', 'Leaf Guard', 'Overcoat']"
618,petilil,LC,0,"['Chlorophyll', 'Leaf Guard', 'Own Tempo']"
619,lilligant,PUBL,1,"['Chlorophyll', 'Leaf Guard', 'Own Tempo']"
620,basculin,Untiered,1,"['Adaptability', 'Mold Breaker', 'Reckless']"
621,basculin-blue-striped,Untiered,1,"['Adaptability', 'Mold Breaker', 'Rock Head']"
622,sandile,LC,0,"['Anger Point', 'Intimidate', 'Moxie']"
623,krokorok,,0,"['Anger Point', 'Intimidate', 'Moxie']"
624,darumaka,LC,0,"['Hustle', 'Inner Focus']"
625,darmanitan,RUBL,1,"['Sheer Force', 'Zen Mode']"
626,maractus,Untiered,1,"['Chlorophyll', 'Storm Drain', 'Water Absorb']"
627,dwebble,LC,0,"['Shell Armor', 'Sturdy', 'Weak Armor']"
628,scraggy,LC,0,"['Intimidate', 'Moxie', 'Shed Skin']"
629,scrafty,NU,1,"['Intimidate', 'Moxie', 'Shed Skin']"
630,sigilyph,NU,1,"['Magic Guard', 'Tinted Lens', 'Wonder Skin']"
631,yamask,LC,0,['Mummy']
632,cofagrigus,NUBL,1,['Mummy']
633,tirtouga,LC,0,"['Solid Rock', 'Sturdy', 'Swift Swim']"
634,carracosta,PU,1,"['Solid Rock', 'Sturdy', 'Swift Swim']"
635,archen,LC,0,['Defeatist']
636,archeops,PUBL,1,['Defeatist']
637,trubbish,LC,0,"['Aftermath', 'Stench', 'Sticky Hold']"
638,zorua,LC,0,['Illusion']
639,zoroark,RUBL,1,['Illusion']
640,minccino,LC,0,"['Cute Charm', 'Skill Link', 'Technician']"
641,cinccino,PUBL,1,"['Cute Charm', 'Skill Link', 'Technician']"
642,solosis,LC,0,"['Magic Guard', 'Overcoat', 'Regenerator']"
643,duosion,,0,"['Magic Guard', 'Overcoat', 'Regenerator']"
644,reuniclus,RUBL,1,"['Magic Guard', 'Overcoat', 'Regenerator']"
645,ducklett,LC,0,"['Big Pecks', 'Hydration', 'Keen Eye']"
646,swanna,Untiered,1,"['Big Pecks', 'Hydration', 'Keen Eye']"
647,sawsbuck,Untiered,1,"['Chlorophyll', 'Sap Sipper', 'Serene Grace']"
648,emolga,Untiered,1,"['Motor Drive', 'Static']"
649,karrablast,LC,0,"['No Guard', 'Shed Skin', 'Swarm']"
650,escavalier,RU,1,"['Overcoat', 'Shell Armor', 'Swarm']"
651,foongus,LC,0,"['Effect Spore', 'Regenerator']"
652,amoonguss,UU,1,"['Effect Spore', 'Regenerator']"
653,frillish,LC,0,"['Cursed Body', 'Damp', 'Water Absorb']"
654,jellicent,PU,1,"['Cursed Body', 'Damp', 'Water Absorb']"
655,alomomola,UU,1,"['Healer', 'Hydration', 'Regenerator']"
656,joltik,LC,0,"['Compound Eyes', 'Swarm', 'Unnerve']"
657,galvantula,RU,1,"['Compound Eyes', 'Swarm', 'Unnerve']"
658,ferroseed,PU,0,['Iron Barbs']
659,klang,,0,"['Clear Body', 'Minus', 'Plus']"
660,klinklang,NU,1,"['Clear Body', 'Minus', 'Plus']"
661,tynamo,LC,0,['Levitate']
662,eelektrik,,0,['Levitate']
663,eelektross,PU,1,['Levitate']
664,elgyem,LC,0,"['Analytic', 'Synchronize', 'Telepathy']"
665,beheeyem,Untiered,1,"['Analytic', 'Synchronize', 'Telepathy']"
666,axew,LC,0,"['Mold Breaker', 'Rivalry', 'Unnerve']"
667,fraxure,,0,"['Mold Breaker', 'Rivalry', 'Unnerve']"
668,haxorus,UU,1,"['Mold Breaker', 'Rivalry', 'Unnerve']"
669,shelmet,LC,0,"['Hydration', 'Overcoat', 'Shell Armor']"
670,accelgor,NU,1,"['Hydration', 'Sticky Hold', 'Unburden']"
671,stunfisk,Untiered,1,"['Limber', 'Sand Veil', 'Static']"
672,mienfoo,LC,0,"['Inner Focus', 'Reckless', 'Regenerator']"
673,mienshao,RUBL,1,"['Inner Focus', 'Reckless', 'Regenerator']"
674,druddigon,NU,1,"['Mold Breaker', 'Rough Skin', 'Sheer Force']"
675,golett,LC,0,"['Iron Fist', 'Klutz', 'No Guard']"
676,golurk,PU,1,"['Iron Fist', 'Klutz', 'No Guard']"
677,pawniard,LC,0,"['Defiant', 'Inner Focus', 'Pressure']"
678,bisharp,UU,1,"['Defiant', 'Inner Focus', 'Pressure']"
679,bouffalant,Untiered,1,"['Reckless', 'Sap Sipper', 'Soundproof']"
680,braviary,NU,1,"['Defiant', 'Keen Eye', 'Sheer Force']"
681,vullaby,LC,0,"['Big Pecks', 'Overcoat', 'Weak Armor']"
682,mandibuzz,RU,1,"['Big Pecks', 'Overcoat', 'Weak Armor']"
683,heatmor,Untiered,1,"['Flash Fire', 'Gluttony', 'White Smoke']"
684,durant,RUBL,1,"['Hustle', 'Swarm', 'Truant']"
685,deino,LC,0,['Hustle']
686,zweilous,,0,['Hustle']
687,hydreigon,UU,1,['Levitate']
688,cobalion,UU,1,['Justified']
689,terrakion,UU,1,['Justified']
690,virizion,RU,1,['Justified']
691,tornadus,RUBL,1,"['Defiant', 'Prankster']"
692,tornadus-therian,OU,1,['Regenerator']
693,thundurus,UUBL,1,"['Defiant', 'Prankster']"
694,thundurus-therian,UUBL,1,['Volt Absorb']
695,reshiram,Uber,1,['Turboblaze']
696,zekrom,Uber,1,['Teravolt']
697,landorus,Uber,1,"['Sand Force', 'Sheer Force']"
698,landorus-therian,OU,1,['Intimidate']
699,kyurem,RUBL,1,['Pressure']
700,kyurem-black,OU,1,['Teravolt']
701,kyurem-white,Uber,1,['Turboblaze']
702,keldeo,OU,1,['Justified']
703,keldeo-resolute,OU,1,['Justified']
704,meloetta,RUBL,1,['Serene Grace']
705,genesect,Uber,1,['Download']
706,genesect-douse,Uber,1,['Download']
707,genesect-shock,Uber,1,['Download']
708,genesect-burn,Uber,1,['Download']
709,genesect-chill,Uber,1,['Download']
710,scratchet,,0,"['Prankster', 'Scrappy', 'Vital Spirit']"
711,tomohawk,CAP,1,"['Intimidate', 'Justified', 'Prankster']"
712,necturine,,0,"['Anticipation', 'Telepathy']"
713,mollux,CAP,1,"['Dry Skin', 'Illuminate']"
714,cupra,,0,"['Keen Eye', 'Magic Guard', 'Shield Dust']"
715,argalis,,0,"['Compound Eyes', 'Overcoat', 'Shed Skin']"
716,brattler,,0,"['Harvest', 'Infiltrator', 'Rattled']"
717,cawdet,,0,"['Big Pecks', 'Keen Eye', 'Volt Absorb']"
718,cawmodore,CAP,1,"['Big Pecks', 'Intimidate', 'Volt Absorb']"
719,volkritter,,0,"['Anticipation', 'Infiltrator', 'Unnerve']"
720,volkraken,CAP,1,"['Analytic', 'Infiltrator', 'Pressure']"
721,greninja,OU,1,"['Battle Bond', 'Protean', 'Torrent']"
722,vivillon,NU,1,"['Compound Eyes', 'Friend Guard', 'Shield Dust']"
723,meowstic-m,Untiered,1,"['Infiltrator', 'Keen Eye', 'Prankster']"
724,zygarde,Uber,1,"['Aura Break', 'Power Construct']"
725,naviathan,CAP,1,"['Guts', 'Heatproof', 'Light Metal']"
726,aegislash,Uber,1,['Stance Change']
727,pumpkaboo-small,LC,0,"['Frisk', 'Pickup']"
728,pumpkaboo-large,LC,0,"['Frisk', 'Pickup']"
729,gourgeist-small,Untiered,1,"['Frisk', 'Pickup']"
730,gourgeist-large,Untiered,1,"['Frisk', 'Pickup']"
731,hawlucha,OU,1,"['Limber', 'Mold Breaker', 'Unburden']"
732,bergmite,LC,0,"['Ice Body', 'Own Tempo', 'Sturdy']"
733,avalugg,Untiered,1,"['Ice Body', 'Own Tempo', 'Sturdy']"
734,noibat,LC,0,"['Frisk', 'Infiltrator', 'Telepathy']"
735,noivern,RU,1,"['Frisk', 'Infiltrator', 'Telepathy']"
736,arceus-fairy,Uber,1,['Multitype']
737,chespin,LC,0,"['Bulletproof', 'Overgrow']"
738,quilladin,,0,"['Bulletproof', 'Overgrow']"
739,chesnaught,UU,1,"['Bulletproof', 'Overgrow']"
740,fennekin,LC,0,"['Blaze', 'Magician']"
741,braixen,,0,"['Blaze', 'Magician']"
742,delphox,NU,1,"['Blaze', 'Magician']"
743,froakie,LC,0,"['Protean', 'Torrent']"
744,frogadier,,0,"['Protean', 'Torrent']"
745,bunnelby,LC,0,"['Cheek Pouch', 'Huge Power', 'Pickup']"
746,diggersby,UUBL,1,"['Cheek Pouch', 'Huge Power', 'Pickup']"
747,fletchling,LC,0,"['Big Pecks', 'Gale Wings']"
748,fletchinder,,0,"['Flame Body', 'Gale Wings']"
749,talonflame,RUBL,1,"['Flame Body', 'Gale Wings']"
750,scatterbug,LC,0,"['Compound Eyes', 'Friend Guard', 'Shield Dust']"
751,spewpa,,0,"['Friend Guard', 'Shed Skin']"
752,vivillon-fancy,NU,1,"['Compound Eyes', 'Shield Dust']"
753,vivillon-pokeball,NU,1,"['Compound Eyes', 'Shield Dust']"
754,litleo,LC,0,"['Moxie', 'Rivalry', 'Unnerve']"
755,pyroar,PUBL,1,"['Moxie', 'Rivalry', 'Unnerve']"
756,flabebe,LC,0,"['Flower Veil', 'Symbiosis']"
757,floette,,0,"['Flower Veil', 'Symbiosis']"
758,floette-eternal,Limbo,1,['Flower Veil']
759,florges,RU,1,"['Flower Veil', 'Symbiosis']"
760,skiddo,LC,0,"['Grass Pelt', 'Sap Sipper']"
761,gogoat,Untiered,1,"['Grass Pelt', 'Sap Sipper']"
762,pancham,LC,0,"['Iron Fist', 'Mold Breaker', 'Scrappy']"
763,pangoro,NU,1,"['Iron Fist', 'Mold Breaker', 'Scrappy']"
764,furfrou,Untiered,1,['Fur Coat']
765,espurr,LC,0,"['Infiltrator', 'Keen Eye', 'Own Tempo']"
766,meowstic-f,Untiered,1,"['Competitive', 'Infiltrator', 'Keen Eye']"
767,honedge,LC,0,['No Guard']
768,doublade,UU,0,['No Guard']
769,spritzee,LC,0,"['Aroma Veil', 'Healer']"
770,aromatisse,PUBL,1,"['Aroma Veil', 'Healer']"
771,swirlix,,0,"['Sweet Veil', 'Unburden']"
772,slurpuff,NUBL,1,"['Sweet Veil', 'Unburden']"
773,inkay,LC,0,"['Contrary', 'Infiltrator', 'Suction Cups']"
774,malamar,NU,1,"['Contrary', 'Infiltrator', 'Suction Cups']"
775,binacle,LC,0,"['Pickpocket', 'Sniper', 'Tough Claws']"
776,barbaracle,NUBL,1,"['Pickpocket', 'Sniper', 'Tough Claws']"
777,skrelp,LC,0,"['Adaptability', 'Poison Point', 'Poison Touch']"
778,dragalge,RU,1,"['Adaptability', 'Poison Point', 'Poison Touch']"
779,clauncher,LC,0,['Mega Launcher']
780,clawitzer,NU,1,['Mega Launcher']
781,helioptile,LC,0,"['Dry Skin', 'Sand Veil', 'Solar Power']"
782,heliolisk,NU,1,"['Dry Skin', 'Sand Veil', 'Solar Power']"
783,tyrunt,LC,0,"['Strong Jaw', 'Sturdy']"
784,tyrantrum,RU,1,"['Rock Head', 'Strong Jaw']"
785,amaura,LC,0,"['Refrigerate', 'Snow Warning']"
786,aurorus,PU,1,"['Refrigerate', 'Snow Warning']"
787,sylveon,UU,1,"['Cute Charm', 'Pixilate']"
788,dedenne,Untiered,1,"['Cheek Pouch', 'Pickup', 'Plus']"
789,carbink,Untiered,1,"['Clear Body', 'Sturdy']"
790,goomy,LC,0,"['Gooey', 'Hydration', 'Sap Sipper']"
791,sliggoo,,0,"['Gooey', 'Hydration', 'Sap Sipper']"
792,goodra,RU,1,"['Gooey', 'Hydration', 'Sap Sipper']"
793,klefki,UU,1,"['Magician', 'Prankster']"
794,phantump,LC,0,"['Frisk', 'Harvest', 'Natural Cure']"
795,trevenant,Untiered,1,"['Frisk', 'Harvest', 'Natural Cure']"
796,pumpkaboo,LC,0,"['Frisk', 'Insomnia', 'Pickup']"
797,pumpkaboo-super,LC,0,"['Frisk', 'Insomnia', 'Pickup']"
798,gourgeist,Untiered,1,"['Frisk', 'Insomnia', 'Pickup']"
799,gourgeist-super,Untiered,1,"['Frisk', 'Insomnia', 'Pickup']"
800,xerneas,Uber,1,['Fairy Aura']
801,yveltal,Uber,1,['Dark Aura']
802,diancie,RU,1,['Clear Body']
803,hoopa,RU,1,['Magician']
804,hoopa-unbound,UUBL,1,['Magician']
805,volcanion,UU,1,['Water Absorb']
806,snugglow,,0,"['Storm Drain', 'Telepathy', 'Vital Spirit']"
807,plasmanta,CAP,1,"['Storm Drain', 'Telepathy', 'Vital Spirit']"
808,floatoy,,0,"['Heatproof', 'Swift Swim', 'Water Veil']"
809,caimanoe,,0,"['Heatproof', 'Light Metal', 'Water Veil']"
810,crucibelle,CAP,1,"['Liquid Ooze', 'Mold Breaker', 'Regenerator']"
811,pluffle,,0,"['Aroma Veil', 'Friend Guard', 'Natural Cure']"
812,kerfluffle,CAP,1,"['Aroma Veil', 'Friend Guard', 'Natural Cure']"
813,pikachu-original,Untiered,1,['Static']
814,pikachu-hoenn,Untiered,1,['Static']
815,pikachu-sinnoh,Untiered,1,['Static']
816,pikachu-unova,Untiered,1,['Static']
817,pikachu-kalos,Untiered,1,['Static']
818,pikachu-alola,Untiered,1,['Static']
819,pikachu-partner,Untiered,1,['Static']
820,vikavolt,NU,1,['Levitate']
821,tapu koko,OU,1,['Electric Surge']
822,tapu lele,OU,1,['Psychic Surge']
823,tapu bulu,OU,1,['Grassy Surge']
824,tapu fini,OU,1,['Misty Surge']
825,melmetal,,1,['Iron Fist']
826,rattata-alola,LC,0,"['Gluttony', 'Hustle', 'Thick Fat']"
827,raticate-alola,Untiered,1,"['Gluttony', 'Hustle', 'Thick Fat']"
828,raticate-alola-totem,Untiered,1,['Thick Fat']
829,pikachu-starter,,1,"['Lightning Rod', 'Static']"
830,raichu-alola,PU,1,['Surge Surfer']
831,sandshrew-alola,LC,0,"['Slush Rush', 'Snow Cloak']"
832,sandslash-alola,PU,1,"['Slush Rush', 'Snow Cloak']"
833,vulpix-alola,LC,0,"['Snow Cloak', 'Snow Warning']"
834,ninetales-alola,UUBL,1,"['Snow Cloak', 'Snow Warning']"
835,diglett-alola,LC,0,"['Sand Force', 'Sand Veil', 'Tangling Hair']"
836,dugtrio-alola,PU,1,"['Sand Force', 'Sand Veil', 'Tangling Hair']"
837,meowth-alola,LC,0,"['Pickup', 'Rattled', 'Technician']"
838,persian-alola,PU,1,"['Fur Coat', 'Rattled', 'Technician']"
839,geodude-alola,LC,0,"['Galvanize', 'Magnet Pull', 'Sturdy']"
840,graveler-alola,,0,"['Galvanize', 'Magnet Pull', 'Sturdy']"
841,golem-alola,Untiered,1,"['Galvanize', 'Magnet Pull', 'Sturdy']"
842,grimer-alola,LC,0,"['Gluttony', 'Poison Touch', 'Power of Alchemy']"
843,muk-alola,UU,1,"['Gluttony', 'Poison Touch', 'Power of Alchemy']"
844,exeggutor-alola,NU,1,"['Frisk', 'Harvest']"
845,marowak-alola,RU,1,"['Cursed Body', 'Lightning Rod', 'Rock Head']"
846,marowak-alola-totem,Untiered,1,['Rock Head']
847,eevee-starter,,1,"['Adaptability', 'Anticipation', 'Run Away']"
848,zygarde-10%,RU,1,"['Aura Break', 'Power Construct']"
849,rowlet,LC,0,"['Long Reach', 'Overgrow']"
850,dartrix,,0,"['Long Reach', 'Overgrow']"
851,decidueye,NU,1,"['Long Reach', 'Overgrow']"
852,litten,LC,0,"['Blaze', 'Intimidate']"
853,torracat,,0,"['Blaze', 'Intimidate']"
854,incineroar,NU,1,"['Blaze', 'Intimidate']"
855,popplio,LC,0,"['Liquid Voice', 'Torrent']"
856,brionne,,0,"['Liquid Voice', 'Torrent']"
857,primarina,UU,1,"['Liquid Voice', 'Torrent']"
858,pikipek,LC,0,"['Keen Eye', 'Pickup', 'Skill Link']"
859,trumbeak,,0,"['Keen Eye', 'Pickup', 'Skill Link']"
860,toucannon,Untiered,1,"['Keen Eye', 'Sheer Force', 'Skill Link']"
861,yungoos,LC,0,"['Adaptability', 'Stakeout', 'Strong Jaw']"
862,gumshoos,Untiered,1,"['Adaptability', 'Stakeout', 'Strong Jaw']"
863,gumshoos-totem,Untiered,1,['Adaptability']
864,grubbin,LC,0,['Swarm']
865,charjabug,,0,['Battery']
866,vikavolt-totem,NU,1,['Levitate']
867,crabrawler,LC,0,"['Anger Point', 'Hyper Cutter', 'Iron Fist']"
868,crabominable,Untiered,1,"['Anger Point', 'Hyper Cutter', 'Iron Fist']"
869,oricorio,Untiered,1,['Dancer']
870,oricorio-pom-pom,PU,1,['Dancer']
871,oricorio-pa'u,Untiered,1,['Dancer']
872,oricorio-sensu,PU,1,['Dancer']
873,cutiefly,,0,"['Honey Gather', 'Shield Dust', 'Sweet Veil']"
874,ribombee,RU,1,"['Honey Gather', 'Shield Dust', 'Sweet Veil']"
875,ribombee-totem,RU,1,['Sweet Veil']
876,rockruff,LC,0,"['Keen Eye', 'Own Tempo', 'Steadfast', 'Vital Spirit']"
877,lycanroc,PU,1,"['Keen Eye', 'Sand Rush', 'Steadfast']"
878,lycanroc-midnight,Untiered,1,"['Keen Eye', 'No Guard', 'Vital Spirit']"
879,lycanroc-dusk,RU,1,['Tough Claws']
880,wishiwashi,Untiered,1,['Schooling']
881,mareanie,LC,0,"['Limber', 'Merciless', 'Regenerator']"
882,toxapex,OU,1,"['Limber', 'Merciless', 'Regenerator']"
883,mudbray,LC,0,"['Inner Focus', 'Own Tempo', 'Stamina']"
884,mudsdale,PU,1,"['Inner Focus', 'Own Tempo', 'Stamina']"
885,dewpider,LC,0,"['Water Absorb', 'Water Bubble']"
886,araquanid,RU,1,"['Water Absorb', 'Water Bubble']"
887,araquanid-totem,RU,1,['Water Bubble']
888,fomantis,LC,0,"['Contrary', 'Leaf Guard']"
889,lurantis,PU,1,"['Contrary', 'Leaf Guard']"
890,lurantis-totem,PU,1,['Leaf Guard']
891,morelull,LC,0,"['Effect Spore', 'Illuminate', 'Rain Dish']"
892,shiinotic,Untiered,1,"['Effect Spore', 'Illuminate', 'Rain Dish']"
893,salandit,LC,0,"['Corrosion', 'Oblivious']"
894,salazzle,RU,1,"['Corrosion', 'Oblivious']"
895,salazzle-totem,RU,1,['Corrosion']
896,stufful,LC,0,"['Cute Charm', 'Fluffy', 'Klutz']"
897,bewear,RU,1,"['Fluffy', 'Klutz', 'Unnerve']"
898,bounsweet,LC,0,"['Leaf Guard', 'Oblivious', 'Sweet Veil']"
899,steenee,,0,"['Leaf Guard', 'Oblivious', 'Sweet Veil']"
900,tsareena,RU,1,"['Leaf Guard', 'Queenly Majesty', 'Sweet Veil']"
901,comfey,NU,1,"['Flower Veil', 'Natural Cure', 'Triage']"
902,oranguru,Untiered,1,"['Inner Focus', 'Symbiosis', 'Telepathy']"
903,passimian,NU,1,"['Defiant', 'Receiver']"
904,wimpod,LC,0,['Wimp Out']
905,golisopod,RU,1,['Emergency Exit']
906,sandygast,LC,0,"['Sand Veil', 'Water Compaction']"
907,palossand,NU,1,"['Sand Veil', 'Water Compaction']"
908,pyukumuku,Untiered,1,"['Innards Out', 'Unaware']"
909,type: null,Untiered,0,['Battle Armor']
910,silvally,Untiered,1,['RKS System']
911,silvally-bug,Untiered,1,['RKS System']
912,silvally-dark,Untiered,1,['RKS System']
913,silvally-dragon,Untiered,1,['RKS System']
914,silvally-electric,Untiered,1,['RKS System']
915,silvally-fairy,PU,1,['RKS System']
916,silvally-fighting,Untiered,1,['RKS System']
917,silvally-fire,Untiered,1,['RKS System']
918,silvally-flying,Untiered,1,['RKS System']
919,silvally-ghost,PU,1,['RKS System']
920,silvally-grass,Untiered,1,['RKS System']
921,silvally-ground,Untiered,1,['RKS System']
922,silvally-ice,Untiered,1,['RKS System']
923,silvally-poison,Untiered,1,['RKS System']
924,silvally-psychic,Untiered,1,['RKS System']
925,silvally-rock,Untiered,1,['RKS System']
926,silvally-steel,NU,1,['RKS System']
927,silvally-water,Untiered,1,['RKS System']
928,minior,NU,1,['Shields Down']
929,komala,Untiered,1,['Comatose']
930,turtonator,Untiered,1,['Shell Armor']
931,togedemaru,NU,1,"['Iron Barbs', 'Lightning Rod', 'Sturdy']"
932,togedemaru-totem,NU,1,['Sturdy']
933,mimikyu,UU,1,['Disguise']
934,mimikyu-totem,UU,1,['Disguise']
935,bruxish,NUBL,1,"['Dazzling', 'Strong Jaw', 'Wonder Skin']"
936,drampa,PU,1,"['Berserk', 'Cloud Nine', 'Sap Sipper']"
937,dhelmise,NU,1,['Steelworker']
938,jangmo-o,LC,0,"['Bulletproof', 'Overcoat', 'Soundproof']"
939,hakamo-o,,0,"['Bulletproof', 'Overcoat', 'Soundproof']"
940,kommo-o,OU,1,"['Bulletproof', 'Overcoat', 'Soundproof']"
941,kommo-o-totem,OU,1,['Overcoat']
942,cosmog,LC,0,['Unaware']
943,cosmoem,,0,['Sturdy']
944,solgaleo,Uber,1,['Full Metal Body']
945,lunala,Uber,1,['Shadow Shield']
946,nihilego,UU,1,['Beast Boost']
947,buzzwole,UUBL,1,['Beast Boost']
948,pheromosa,Uber,1,['Beast Boost']
949,xurkitree,UUBL,1,['Beast Boost']
950,celesteela,OU,1,['Beast Boost']
951,kartana,OU,1,['Beast Boost']
952,guzzlord,PUBL,1,['Beast Boost']
953,necrozma,RU,1,['Prism Armor']
954,necrozma-dusk mane,Uber,1,['Prism Armor']
955,necrozma-dawn wings,Uber,1,['Prism Armor']
956,magearna,OU,1,['Soul-Heart']
957,magearna-original,Limbo,1,['Soul-Heart']
958,marshadow,Uber,1,['Technician']
959,poipole,,0,['Beast Boost']
960,naganadel,Uber,1,['Beast Boost']
961,stakataka,RUBL,1,['Beast Boost']
962,blacephalon,OU,1,['Beast Boost']
963,zeraora,UU,1,['Volt Absorb']
964,meltan,,1,['Magnet Pull']
965,pajantom,CAP,1,['Comatose']
966,mumbao,,0,"['Overcoat', 'Solar Power', 'Trace']"
967,jumbao,CAP,1,"['Drought', 'Overcoat', 'Trace']"
968,fawnifer,,0,"['Lightning Rod', 'Overgrow']"
969,electrelk,,0,"['Galvanize', 'Overgrow']"
970,caribolt,CAP,1,"['Galvanize', 'Overgrow']"
971,smogecko,,0,"['Blaze', 'Technician']"
972,smoguana,,0,"['Blaze', 'Technician']"
973,smokomodo,CAP,1,"['Blaze', 'Technician']"
974,swirlpool,,0,"['Poison Heal', 'Torrent']"
975,coribalis,,0,"['Poison Heal', 'Torrent']"
976,snaelstrom,CAP,1,"['Poison Heal', 'Torrent']"
977,equilibra,CAP,1,"['Bulletproof', 'Justified', 'Levitate']"
